<?xml version="1.0" encoding="UTF-8"?>
<GenRun Id="impl_2" LaunchPart="xc7a35tcpg236-1" LaunchTime="1770462569">
  <File Type="REPORTS-TCL" Name="riscv_fpga_top_reports.tcl"/>
  <File Type="ROUTE-PWR-SUM" Name="riscv_fpga_top_power_summary_routed.pb"/>
  <File Type="BITSTR-MMI" Name="riscv_fpga_top.mmi"/>
  <File Type="OPT-DRC" Name="riscv_fpga_top_drc_opted.rpt"/>
  <File Type="BG-DRC" Name="riscv_fpga_top.drc"/>
  <File Type="ROUTE-STATUS-PB" Name="riscv_fpga_top_route_status.pb"/>
  <File Type="BG-BGN" Name="riscv_fpga_top.bgn"/>
  <File Type="PLACE-UTIL" Name="riscv_fpga_top_utilization_placed.rpt"/>
  <File Type="PLACE-UTIL-PB" Name="riscv_fpga_top_utilization_placed.pb"/>
  <File Type="PLACE-IO" Name="riscv_fpga_top_io_placed.rpt"/>
  <File Type="BG-BIN" Name="riscv_fpga_top.bin"/>
  <File Type="PLACE-CTRL" Name="riscv_fpga_top_control_sets_placed.rpt"/>
  <File Type="ROUTE-PWR-RPX" Name="riscv_fpga_top_power_routed.rpx"/>
  <File Type="BITSTR-MSK" Name="riscv_fpga_top.msk"/>
  <File Type="BITSTR-RBT" Name="riscv_fpga_top.rbt"/>
  <File Type="ROUTE-TIMINGSUMMARY" Name="riscv_fpga_top_timing_summary_routed.rpt"/>
  <File Type="ROUTE-TIMING-RPX" Name="riscv_fpga_top_timing_summary_routed.rpx"/>
  <File Type="ROUTE-STATUS" Name="riscv_fpga_top_route_status.rpt"/>
  <File Type="PA-TCL" Name="riscv_fpga_top.tcl"/>
  <File Type="ROUTE-PWR" Name="riscv_fpga_top_power_routed.rpt"/>
  <File Type="ROUTE-DRC" Name="riscv_fpga_top_drc_routed.rpt"/>
  <File Type="ROUTE-DRC-RPX" Name="riscv_fpga_top_drc_routed.rpx"/>
  <File Type="ROUTE-DRC-PB" Name="riscv_fpga_top_drc_routed.pb"/>
  <File Type="BITSTR-SYSDEF" Name="riscv_fpga_top.sysdef"/>
  <File Type="ROUTE-METHODOLOGY-DRC" Name="riscv_fpga_top_methodology_drc_routed.rpt"/>
  <File Type="ROUTE-METHODOLOGY-DRC-RPX" Name="riscv_fpga_top_methodology_drc_routed.rpx"/>
  <File Type="BITSTR-LTX" Name="debug_nets.ltx"/>
  <File Type="BITSTR-LTX" Name="riscv_fpga_top.ltx"/>
  <File Type="ROUTE-METHODOLOGY-DRC-PB" Name="riscv_fpga_top_methodology_drc_routed.pb"/>
  <File Type="ROUTE-SIMILARITY" Name="riscv_fpga_top_incremental_reuse_routed.rpt"/>
  <File Type="RDI-RDI" Name="riscv_fpga_top.vdi"/>
  <File Type="ROUTE-CLK" Name="riscv_fpga_top_clock_utilization_routed.rpt"/>
  <File Type="ROUTE-BUS-SKEW" Name="riscv_fpga_top_bus_skew_routed.rpt"/>
  <File Type="ROUTE-BUS-SKEW-RPX" Name="riscv_fpga_top_bus_skew_routed.rpx"/>
  <File Type="ROUTE-BUS-SKEW-PB" Name="riscv_fpga_top_bus_skew_routed.pb"/>
  <File Type="POSTROUTE-PHYSOPT-TIMING" Name="riscv_fpga_top_timing_summary_postroute_physopted.rpt"/>
  <File Type="POSTROUTE-PHYSOPT-TIMING-RPX" Name="riscv_fpga_top_timing_summary_postroute_physopted.rpx"/>
  <File Type="POSTROUTE-PHYSOPT-TIMING-PB" Name="riscv_fpga_top_timing_summary_postroute_physopted.pb"/>
  <File Type="POSTROUTE-PHYSOPT-BUS-SKEW" Name="riscv_fpga_top_bus_skew_postroute_physopted.rpt"/>
  <File Type="POSTROUTE-PHYSOPT-BUS-SKEW-RPX" Name="riscv_fpga_top_bus_skew_postroute_physopted.rpx"/>
  <File Type="BG-BIT" Name="riscv_fpga_top.bit"/>
  <File Type="POSTROUTE-PHYSOPT-BUS-SKEW-PB" Name="riscv_fpga_top_bus_skew_postroute_physopted.pb"/>
  <File Type="BITSTR-NKY" Name="riscv_fpga_top.nky"/>
  <File Type="BITSTR-BMM" Name="riscv_fpga_top_bd.bmm"/>
  <File Type="WBT-USG" Name="usage_statistics_webtalk.html"/>
  <File Type="OPT-HWDEF" Name="riscv_fpga_top.hwdef"/>
  <File Type="PLACE-PRE-SIMILARITY" Name="riscv_fpga_top_incremental_reuse_pre_placed.rpt"/>
  <File Type="ROUTE-DCP" Name="riscv_fpga_top_routed.dcp"/>
  <File Type="ROUTE-ERROR-DCP" Name="riscv_fpga_top_routed_error.dcp"/>
  <File Type="ROUTE-BLACKBOX-DCP" Name="riscv_fpga_top_routed_bb.dcp"/>
  <File Type="ROUTE-TIMING-PB" Name="riscv_fpga_top_timing_summary_routed.pb"/>
  <File Type="OPT-DCP" Name="riscv_fpga_top_opt.dcp"/>
  <File Type="PLACE-DCP" Name="riscv_fpga_top_placed.dcp"/>
  <File Type="PWROPT-DCP" Name="riscv_fpga_top_pwropt.dcp"/>
  <File Type="POSTPLACE-PWROPT-DCP" Name="riscv_fpga_top_postplace_pwropt.dcp"/>
  <File Type="PHYSOPT-DCP" Name="riscv_fpga_top_physopt.dcp"/>
  <File Type="POSTROUTE-PHYSOPT-DCP" Name="riscv_fpga_top_postroute_physopt.dcp"/>
  <File Type="POSTROUTE-PHYSOPT-BLACKBOX-DCP" Name="riscv_fpga_top_postroute_physopt_bb.dcp"/>
  <File Type="PDI-FILE" Name="riscv_fpga_top.pdi"/>
  <File Type="BOOT-PDI-FILE" Name="riscv_fpga_top_boot.pdi"/>
  <File Type="PL-PDI-FILE" Name="riscv_fpga_top_pld.pdi"/>
  <File Type="RCFI_FILE" Name="riscv_fpga_top.rcfi"/>
  <File Type="CFI_FILE" Name="riscv_fpga_top.cfi"/>
  <File Type="RNPI_FILE" Name="riscv_fpga_top.rnpi"/>
  <File Type="NPI_FILE" Name="riscv_fpga_top.npi"/>
  <File Type="RBD_FILE" Name="riscv_fpga_top.rbd"/>
  <File Type="ROUTE-RQS" Name="riscv_fpga_top_routed.rqs"/>
  <File Type="POSTROUTE-PHYSOPT-RQS" Name="riscv_fpga_top_postroute_physopted.rqs"/>
  <File Type="ROUTE-RQS-RPT" Name="route_report_qor_suggestions_0.rpt"/>
  <File Type="POSTROUTE-PHYSOPT-RQS-RPT" Name="postroute_physopt_report_qor_suggestions_0.rpt"/>
  <File Type="MMI-FILE" Name="riscv_fpga_top.mmi"/>
  <File Type="BIF-FILE" Name="riscv_fpga_top.bif"/>
  <File Type="BOOT-BIF-FILE" Name="riscv_fpga_top_boot.bif"/>
  <File Type="PL-BIF-FILE" Name="riscv_fpga_top_pld.bif"/>
  <File Type="LTX-FILE" Name="riscv_fpga_top.ltx"/>
  <File Type="BOOT-LTX-FILE" Name="riscv_fpga_top_boot.ltx"/>
  <File Type="PL-LTX-FILE" Name="riscv_fpga_top_pld.ltx"/>
  <File Type="RCDO-FILE" Name="riscv_fpga_top.rcdo"/>
  <File Type="MARKER-RCDO-FILE" Name="riscv_fpga_top_markers.rcdo"/>
  <File Type="PL-RCDO-FILE" Name="riscv_fpga_top_pld.rcdo"/>
  <File Type="MARKER-RNPI-FILE" Name="riscv_fpga_top_markers.rnpi"/>
  <File Type="BOOT_RNPI_FILE" Name="riscv_fpga_top_boot.rnpi"/>
  <File Type="PL_RNPI_FILE" Name="riscv_fpga_top_pld.rnpi"/>
  <File Type="BOOT_MARKER_RNPI_FILE" Name="riscv_fpga_top_boot_markers.rnpi"/>
  <File Type="PL_MARKER_RNPI_FILE" Name="riscv_fpga_top_pld_markers.rnpi"/>
  <File Type="PL_MASK_RNPI_FILE" Name="riscv_fpga_top_pld_mask.rnpi"/>
  <File Type="PL_SHUTDOWN_RNPI_FILE" Name="riscv_fpga_top_pld_shutdown.rnpi"/>
  <File Type="PL_UNMASK_RNPI_FILE" Name="riscv_fpga_top_pld_unmask.rnpi"/>
  <File Type="PL-CLEAR-RCDO-FILE" Name="riscv_fpga_top_pld_clear.rcdo"/>
  <File Type="PL_MARKER_RCDO_FILE" Name="riscv_fpga_top_pld_markers.rcdo"/>
  <File Type="PL_MASK_RCDO_FILE" Name="riscv_fpga_top_pld_mask.rcdo"/>
  <File Type="PL_UNMASK_MARKER_RCDO_FILE" Name="riscv_fpga_top_pld_unmask_markers.rcdo"/>
  <File Type="PL_UNMASK_RCDO_FILE" Name="riscv_fpga_top_pld_unmask.rcdo"/>
  <FileSet Name="sources" Type="DesignSrcs" RelSrcDir="$PSRCDIR/sources_1" RelGenDir="$PGENDIR/sources_1">
    <Filter Type="Srcs"/>
    <File Path="$PSRCDIR/sources_1/ip/instruction_memory/instruction_memory.xci">
      <FileInfo>
        <Attr Name="ImportPath" Val="$PPRDIR/../../../../../../../../prj_riscv_fpga_top.srcs/sources_1/ip/instruction_memory/instruction_memory.xci"/>
        <Attr Name="ImportTime" Val="1770288629"/>
        <Attr Name="UsedIn" Val="synthesis"/>
        <Attr Name="UsedIn" Val="implementation"/>
        <Attr Name="UsedIn" Val="simulation"/>
      </FileInfo>
    </File>
    <File Path="$PSRCDIR/sources_1/ip/clk_wiz_0/clk_wiz_0.xci">
      <FileInfo>
        <Attr Name="ImportPath" Val="$PPRDIR/../../../../../../../../../../ip/clk_wiz_0.xci"/>
        <Attr Name="ImportTime" Val="1770019323"/>
        <Attr Name="UsedIn" Val="synthesis"/>
        <Attr Name="UsedIn" Val="implementation"/>
        <Attr Name="UsedIn" Val="simulation"/>
      </FileInfo>
    </File>
    <File Path="$PSRCDIR/sources_1/imports/src/adder.sv">
      <FileInfo>
        <Attr Name="ImportPath" Val="$PPRDIR/../../../../../../../../../../src/adder.sv"/>
        <Attr Name="ImportTime" Val="1770119309"/>
        <Attr Name="UsedIn" Val="synthesis"/>
        <Attr Name="UsedIn" Val="implementation"/>
        <Attr Name="UsedIn" Val="simulation"/>
      </FileInfo>
    </File>
    <File Path="$PSRCDIR/sources_1/imports/src/alu.sv">
      <FileInfo>
        <Attr Name="ImportPath" Val="$PPRDIR/../../../../../../../../../../src/alu.sv"/>
        <Attr Name="ImportTime" Val="1770286296"/>
        <Attr Name="UsedIn" Val="synthesis"/>
        <Attr Name="UsedIn" Val="implementation"/>
        <Attr Name="UsedIn" Val="simulation"/>
      </FileInfo>
    </File>
    <File Path="$PSRCDIR/sources_1/imports/src/alu_controller.sv">
      <FileInfo>
        <Attr Name="ImportPath" Val="$PPRDIR/../../../../../../../../../../src/alu_controller.sv"/>
        <Attr Name="ImportTime" Val="1770118559"/>
        <Attr Name="UsedIn" Val="synthesis"/>
        <Attr Name="UsedIn" Val="implementation"/>
        <Attr Name="UsedIn" Val="simulation"/>
      </FileInfo>
    </File>
    <File Path="$PSRCDIR/sources_1/new/config.vh">
      <FileInfo>
        <Attr Name="UsedIn" Val="synthesis"/>
        <Attr Name="UsedIn" Val="simulation"/>
        <Attr Name="IsVisible" Val="1"/>
      </FileInfo>
    </File>
    <File Path="$PSRCDIR/sources_1/imports/src/c2_arbiter.sv">
      <FileInfo>
        <Attr Name="ImportPath" Val="$PPRDIR/../../../../../../../../../../src/c2_arbiter.sv"/>
        <Attr Name="ImportTime" Val="1770270148"/>
        <Attr Name="UsedIn" Val="synthesis"/>
        <Attr Name="UsedIn" Val="implementation"/>
        <Attr Name="UsedIn" Val="simulation"/>
      </FileInfo>
    </File>
    <File Path="$PSRCDIR/sources_1/imports/src/c2_interface_top.sv">
      <FileInfo>
        <Attr Name="ImportPath" Val="$PPRDIR/../../../../../../../../../../src/c2_interface_top.sv"/>
        <Attr Name="ImportTime" Val="1770290651"/>
        <Attr Name="UsedIn" Val="synthesis"/>
        <Attr Name="UsedIn" Val="implementation"/>
        <Attr Name="UsedIn" Val="simulation"/>
      </FileInfo>
    </File>
    <File Path="$PSRCDIR/sources_1/imports/src/control_unit.sv">
      <FileInfo>
        <Attr Name="ImportPath" Val="$PPRDIR/../../../../../../../../../../src/control_unit.sv"/>
        <Attr Name="ImportTime" Val="1770194383"/>
        <Attr Name="UsedIn" Val="synthesis"/>
        <Attr Name="UsedIn" Val="implementation"/>
        <Attr Name="UsedIn" Val="simulation"/>
      </FileInfo>
    </File>
    <File Path="$PSRCDIR/sources_1/imports/src/data_memory.sv">
      <FileInfo>
        <Attr Name="ImportPath" Val="$PPRDIR/../../../../../../../../../../src/data_memory.sv"/>
        <Attr Name="ImportTime" Val="1770288607"/>
        <Attr Name="UsedIn" Val="synthesis"/>
        <Attr Name="UsedIn" Val="implementation"/>
        <Attr Name="UsedIn" Val="simulation"/>
      </FileInfo>
    </File>
    <File Path="$PSRCDIR/sources_1/imports/src/data_memory_interface.sv">
      <FileInfo>
        <Attr Name="ImportPath" Val="$PPRDIR/../../../../../../../../../../src/data_memory_interface.sv"/>
        <Attr Name="ImportTime" Val="1769896264"/>
        <Attr Name="UsedIn" Val="synthesis"/>
        <Attr Name="UsedIn" Val="implementation"/>
        <Attr Name="UsedIn" Val="simulation"/>
      </FileInfo>
    </File>
    <File Path="$PSRCDIR/sources_1/imports/src/debug_unit.sv">
      <FileInfo>
        <Attr Name="ImportPath" Val="$PPRDIR/../../../../../../../../../../src/debug_unit.sv"/>
        <Attr Name="ImportTime" Val="1770263734"/>
        <Attr Name="UsedIn" Val="synthesis"/>
        <Attr Name="UsedIn" Val="implementation"/>
        <Attr Name="UsedIn" Val="simulation"/>
      </FileInfo>
    </File>
    <File Path="$PSRCDIR/sources_1/imports/src/dumping_unit.sv">
      <FileInfo>
        <Attr Name="ImportPath" Val="$PPRDIR/../../../../../../../../../../src/dumping_unit.sv"/>
        <Attr Name="ImportTime" Val="1770291022"/>
        <Attr Name="UsedIn" Val="synthesis"/>
        <Attr Name="UsedIn" Val="implementation"/>
        <Attr Name="UsedIn" Val="simulation"/>
      </FileInfo>
    </File>
    <File Path="$PSRCDIR/sources_1/imports/src/flow_controller.sv">
      <FileInfo>
        <Attr Name="ImportPath" Val="$PPRDIR/../../../../../../../../../../src/flow_controller.sv"/>
        <Attr Name="ImportTime" Val="1770133553"/>
        <Attr Name="UsedIn" Val="synthesis"/>
        <Attr Name="UsedIn" Val="implementation"/>
        <Attr Name="UsedIn" Val="simulation"/>
      </FileInfo>
    </File>
    <File Path="$PSRCDIR/sources_1/imports/src/forwarding_unit.sv">
      <FileInfo>
        <Attr Name="ImportPath" Val="$PPRDIR/../../../../../../../../../../src/forwarding_unit.sv"/>
        <Attr Name="ImportTime" Val="1770123801"/>
        <Attr Name="UsedIn" Val="synthesis"/>
        <Attr Name="UsedIn" Val="implementation"/>
        <Attr Name="UsedIn" Val="simulation"/>
      </FileInfo>
    </File>
    <File Path="$PSRCDIR/sources_1/imports/src/halt_unit.sv">
      <FileInfo>
        <Attr Name="ImportPath" Val="$PPRDIR/../../../../../../../../../../src/halt_unit.sv"/>
        <Attr Name="ImportTime" Val="1770134179"/>
        <Attr Name="UsedIn" Val="synthesis"/>
        <Attr Name="UsedIn" Val="implementation"/>
        <Attr Name="UsedIn" Val="simulation"/>
      </FileInfo>
    </File>
    <File Path="$PSRCDIR/sources_1/imports/src/hazard_protection_unit.sv">
      <FileInfo>
        <Attr Name="ImportPath" Val="$PPRDIR/../../../../../../../../../../src/hazard_protection_unit.sv"/>
        <Attr Name="ImportTime" Val="1770119137"/>
        <Attr Name="UsedIn" Val="synthesis"/>
        <Attr Name="UsedIn" Val="implementation"/>
        <Attr Name="UsedIn" Val="simulation"/>
      </FileInfo>
    </File>
    <File Path="$PSRCDIR/sources_1/imports/src/immediate_generator.sv">
      <FileInfo>
        <Attr Name="ImportPath" Val="$PPRDIR/../../../../../../../../../../src/immediate_generator.sv"/>
        <Attr Name="ImportTime" Val="1769891403"/>
        <Attr Name="UsedIn" Val="synthesis"/>
        <Attr Name="UsedIn" Val="implementation"/>
        <Attr Name="UsedIn" Val="simulation"/>
      </FileInfo>
    </File>
    <File Path="$PSRCDIR/sources_1/imports/src/instruction_decoder.sv">
      <FileInfo>
        <Attr Name="ImportPath" Val="$PPRDIR/../../../../../../../../../../src/instruction_decoder.sv"/>
        <Attr Name="ImportTime" Val="1769913695"/>
        <Attr Name="UsedIn" Val="synthesis"/>
        <Attr Name="UsedIn" Val="implementation"/>
        <Attr Name="UsedIn" Val="simulation"/>
      </FileInfo>
    </File>
    <File Path="$PSRCDIR/sources_1/imports/src/loader_unit.sv">
      <FileInfo>
        <Attr Name="ImportPath" Val="$PPRDIR/../../../../../../../../../../src/loader_unit.sv"/>
        <Attr Name="ImportTime" Val="1770017755"/>
        <Attr Name="UsedIn" Val="synthesis"/>
        <Attr Name="UsedIn" Val="implementation"/>
        <Attr Name="UsedIn" Val="simulation"/>
      </FileInfo>
    </File>
    <File Path="$PSRCDIR/sources_1/imports/src/memory_range_tracker.sv">
      <FileInfo>
        <Attr Name="ImportPath" Val="$PPRDIR/../../../../../../../../../../src/memory_range_tracker.sv"/>
        <Attr Name="ImportTime" Val="1770048496"/>
        <Attr Name="UsedIn" Val="synthesis"/>
        <Attr Name="UsedIn" Val="implementation"/>
        <Attr Name="UsedIn" Val="simulation"/>
      </FileInfo>
    </File>
    <File Path="$PSRCDIR/sources_1/imports/src/mux2.sv">
      <FileInfo>
        <Attr Name="ImportPath" Val="$PPRDIR/../../../../../../../../../../src/mux2.sv"/>
        <Attr Name="ImportTime" Val="1769887479"/>
        <Attr Name="UsedIn" Val="synthesis"/>
        <Attr Name="UsedIn" Val="implementation"/>
        <Attr Name="UsedIn" Val="simulation"/>
      </FileInfo>
    </File>
    <File Path="$PSRCDIR/sources_1/imports/src/mux4.sv">
      <FileInfo>
        <Attr Name="ImportPath" Val="$PPRDIR/../../../../../../../../../../src/mux4.sv"/>
        <Attr Name="ImportTime" Val="1770117178"/>
        <Attr Name="UsedIn" Val="synthesis"/>
        <Attr Name="UsedIn" Val="implementation"/>
        <Attr Name="UsedIn" Val="simulation"/>
      </FileInfo>
    </File>
    <File Path="$PSRCDIR/sources_1/imports/src/pipeline_register.sv">
      <FileInfo>
        <Attr Name="ImportPath" Val="$PPRDIR/../../../../../../../../../../src/pipeline_register.sv"/>
        <Attr Name="ImportTime" Val="1770213799"/>
        <Attr Name="UsedIn" Val="synthesis"/>
        <Attr Name="UsedIn" Val="implementation"/>
        <Attr Name="UsedIn" Val="simulation"/>
      </FileInfo>
    </File>
    <File Path="$PSRCDIR/sources_1/imports/src/program_counter_reg.sv">
      <FileInfo>
        <Attr Name="ImportPath" Val="$PPRDIR/../../../../../../../../../../src/program_counter_reg.sv"/>
        <Attr Name="ImportTime" Val="1770207139"/>
        <Attr Name="UsedIn" Val="synthesis"/>
        <Attr Name="UsedIn" Val="implementation"/>
        <Attr Name="UsedIn" Val="simulation"/>
      </FileInfo>
    </File>
    <File Path="$PSRCDIR/sources_1/imports/src/register_file.sv">
      <FileInfo>
        <Attr Name="ImportPath" Val="$PPRDIR/../../../../../../../../../../src/register_file.sv"/>
        <Attr Name="ImportTime" Val="1770122492"/>
        <Attr Name="UsedIn" Val="synthesis"/>
        <Attr Name="UsedIn" Val="implementation"/>
        <Attr Name="UsedIn" Val="simulation"/>
      </FileInfo>
    </File>
    <File Path="$PSRCDIR/sources_1/imports/src/riscv_core.sv">
      <FileInfo>
        <Attr Name="ImportPath" Val="$PPRDIR/../../../../../../../../../../src/riscv_core.sv"/>
        <Attr Name="ImportTime" Val="1770286283"/>
        <Attr Name="UsedIn" Val="synthesis"/>
        <Attr Name="UsedIn" Val="implementation"/>
        <Attr Name="UsedIn" Val="simulation"/>
      </FileInfo>
    </File>
    <File Path="$PSRCDIR/sources_1/imports/src/uart_transceiver.sv">
      <FileInfo>
        <Attr Name="ImportPath" Val="$PPRDIR/../../../../../../../../../../src/uart_transceiver.sv"/>
        <Attr Name="ImportTime" Val="1770287272"/>
        <Attr Name="UsedIn" Val="synthesis"/>
        <Attr Name="UsedIn" Val="implementation"/>
        <Attr Name="UsedIn" Val="simulation"/>
      </FileInfo>
    </File>
    <File Path="$PSRCDIR/sources_1/imports/src/riscv_fpga_top.sv">
      <FileInfo>
        <Attr Name="ImportPath" Val="$PPRDIR/../../../../../../../../../../src/riscv_fpga_top.sv"/>
        <Attr Name="ImportTime" Val="1770290523"/>
        <Attr Name="UsedIn" Val="synthesis"/>
        <Attr Name="UsedIn" Val="implementation"/>
        <Attr Name="UsedIn" Val="simulation"/>
      </FileInfo>
    </File>
    <File Path="$PSRCDIR/sources_1/imports/src/temp_test.sv">
      <FileInfo>
        <Attr Name="AutoDisabled" Val="1"/>
        <Attr Name="ImportPath" Val="$PPRDIR/../../../../../../../../../../src/temp_test.sv"/>
        <Attr Name="ImportTime" Val="1769740105"/>
        <Attr Name="UsedIn" Val="synthesis"/>
        <Attr Name="UsedIn" Val="implementation"/>
        <Attr Name="UsedIn" Val="simulation"/>
      </FileInfo>
    </File>
    <File Path="$PSRCDIR/sources_1/imports/prjc_riscv_fpga/archive_project_summary.txt">
      <FileInfo>
        <Attr Name="ImportPath" Val="$PPRDIR/../../../../archive_project_summary.txt"/>
        <Attr Name="ImportTime" Val="1770297622"/>
      </FileInfo>
    </File>
    <Config>
      <Option Name="DesignMode" Val="RTL"/>
      <Option Name="TopModule" Val="riscv_fpga_top"/>
    </Config>
  </FileSet>
  <FileSet Name="constrs_in" Type="Constrs" RelSrcDir="$PSRCDIR/constrs_1" RelGenDir="$PGENDIR/constrs_1">
    <Filter Type="Constrs"/>
    <File Path="$PSRCDIR/constrs_1/new/riscv_fpga_top.xdc">
      <FileInfo>
        <Attr Name="UsedIn" Val="synthesis"/>
        <Attr Name="UsedIn" Val="implementation"/>
      </FileInfo>
    </File>
    <Config>
      <Option Name="ConstrsType" Val="XDC"/>
    </Config>
  </FileSet>
  <FileSet Name="utils" Type="Utils" RelSrcDir="$PSRCDIR/utils_1" RelGenDir="$PGENDIR/utils_1">
    <Filter Type="Utils"/>
    <File Path="$PSRCDIR/utils_1/imports/synth_1/riscv_fpga_top.dcp">
      <FileInfo>
        <Attr Name="UsedIn" Val="synthesis"/>
        <Attr Name="UsedIn" Val="implementation"/>
        <Attr Name="UsedInSteps" Val="synth_1"/>
        <Attr Name="UsedInSteps" Val="synth_w_async_sens_list"/>
        <Attr Name="UsedInSteps" Val="synth_w_sync_sens_list"/>
        <Attr Name="AutoDcp" Val="1"/>
      </FileInfo>
    </File>
    <Config>
      <Option Name="TopAutoSet" Val="TRUE"/>
    </Config>
  </FileSet>
  <Strategy Version="1" Minor="2">
    <StratHandle Name="Vivado Implementation Defaults" Flow="Vivado Implementation 2025"/>
    <Step Id="init_design"/>
    <Step Id="opt_design"/>
    <Step Id="power_opt_design"/>
    <Step Id="place_design"/>
    <Step Id="post_place_power_opt_design"/>
    <Step Id="phys_opt_design"/>
    <Step Id="route_design"/>
    <Step Id="post_route_phys_opt_design"/>
    <Step Id="write_bitstream"/>
    <Step Id="write_device_image"/>
  </Strategy>
</GenRun>
